x;t;p;p;g;p;g;b;t;r;r;r;r;r;l;y;t;g;t;t;g;;g;g;p;r;r;r;;g;g;;r;g;r;;r;;;r;;g;r;g;p;p;c;c;c;;b;r;;;r;g;;x;;;r;r;r;;;;;;r;g;g;r;r;;x;;r;r;r;r;r;;;r;r;;;;g;;;r;r;g;x;r;r;;;;r;;;r;r;r;r;;r;;r;g;g;
g;x;r;r;g;o;y;t;g;g;;r;r;g;l;r;y;y;y;l;;l;l;l;y;y;;;;;;g;r;;r;;g;r;;;;r;r;;l;l;c;;c;r;g;r;;r;y;g;g;x;;g;g;;;r;r;;;;;g;r;;;;x;g;g;g;;;;;;g;;;g;g;;;g;;y;;x;;;;;g;;r;;;r;r;r;;g;;;g;g;g
r;r;x;g;r;g;g;r;r;g;g;g;g;;;g;r;r;r;r;r;;r;r;g;l;;g;;;r;g;;;g;;g;;;;r;r;g;r;g;g;c;c;c;;;g;;r;g;r;g;x;;;g;g;g;g;;;;g;;g;r;;g;;x;;g;g;g;g;g;;;g;g;g;;g;;;;g;y;g;x;;g;;;;g;;;g;;;;;;;;;;g
r;o;l;x;r;g;g;o;r;g;g;g;g;;p;g;r;p;r;r;r;;r;r;l;;g;;;g;r;;;r;g;l;g;;;g;;r;g;r;g;g;c;c;c;;;g;;;;r;;x;;;g;g;g;;;;;g;;r;;g;g;;x;;g;g;g;g;g;;;g;g;;r;;r;;;g;;o;x;g;g;;;;g;;g;g;g;;;;;;g;r;r;
g;t;p;r;x;p;g;g;g;r;r;r;r;;l;r;g;l;g;g;g;;;;p;p;r;;;;g;;r;g;r;b;;;;;;g;r;g;r;;c;;c;;;r;;;b;g;;x;;;r;;;g;;;;;;g;;r;r;r;x;;r;;r;;;;;;;;r;r;g;;r;r;;g;x;;;;;;;;;;;;;;;;;g;;r
r;r;l;g;p;x;g;r;p;;g;g;g;;r;g;r;p;p;r;r;;p;;g;;;;;;;;;;g;;;;;;;;r;;g;g;;;;;b;g;;;y;r;;x;;;;g;;;;;g;;g;;;;;;x;;;;;;;;;;;;g;;;;;;;r;x;;;;r;;;;;;;;;;;;g;;;
r;;l;g;o;l;x;x;r;g;;g;g;g;;;o;g;r;r;o;y;;;;;;;;;;;;r;r;;g;g;g;g;;;g;;g;;c;;c;;y;g;;;;r;;x;g;;;g;g;g;g;;;;;;r;g;r;;x;;g;;g;g;g;;g;g;g;;g;;;;;;y;o;x;g;g;;;;;;;;;r;g;;;;g;;;g
g;g;p;r;g;r;x;x;g;r;r;r;r;;g;r;g;g;l;g;l;y;g;g;r;r;;;;r;g;r;r;g;r;;;;;;;g;r;g;g;p;c;c;c;;;r;;;;g;r;x;;;r;r;;;;;r;;;g;;r;r;;x;;r;r;r;;;;;r;;;r;r;g;;r;;;g;x;r;r;;;g;r;;;;;;;;;;r;g;g;
g;g;p;p;g;p;r;t;x;r;r;r;r;;g;;g;l;g;g;g;;g;g;r;;;;;r;g;;r;g;r;;r;;;;;g;r;g;r;;;;c;;;r;;;;g;;x;;r;r;r;r;;;;r;r;;g;;r;r;r;x;r;r;r;r;;;;;;r;;;;;;r;;;t;x;;r;;;;r;;;r;r;;;;;;;g;g;g
r;l;l;l;o;y;l;o;o;x;;g;g;g;r;;o;r;o;o;o;l;y;y;l;l;g;g;;g;r;;;r;g;;;;;g;;r;l;r;l;l;c;;c;;y;g;;;l;r;g;x;;;g;g;g;;;;;;;r;r;g;g;g;x;r;g;g;g;;g;;r;g;;g;g;g;r;;r;;l;r;x;g;g;g;;;g;;;g;g;g;;;;;;;;g
r;r;g;g;b;g;b;p;r;g;x;g;g;;;;;r;;p;;;;;g;;;;;;;;;;g;;;;;;;g;g;;t;c;;;;;;g;r;;;r;g;x;;;;g;g;g;;;;g;g;r;;g;g;;x;;;;;;;;;;;;r;;r;;;g;;;x;;;;;;;;;;;;;;;;g;;;
r;r;l;g;r;g;l;o;o;g;g;x;g;g;r;g;o;b;r;o;r;;r;;l;g;;;;g;r;g;;r;g;b;g;;;g;;;g;r;g;l;c;;c;;;;;;;r;g;x;;;g;g;g;;;;;g;g;r;r;g;g;;x;r;g;;g;;g;;;;g;g;g;;r;;g;g;g;r;x;;;g;;;g;;;;g;g;;;;;g;r;r;r
r;r;l;l;o;l;l;o;o;g;g;g;x;g;r;;o;r;o;o;o;l;o;o;l;l;g;g;;g;r;g;;r;g;y;g;g;g;g;;r;c;;c;c;c;;c;r;l;;;;;r;r;x;;g;g;c;g;c;;;g;g;g;g;;g;g;g;x;r;g;g;g;g;g;g;;;g;g;g;g;r;;c;g;;r;x;g;g;g;;;g;r;;g;g;;;;;;;;;r
o;l;l;y;y;y;l;y;;g;;g;g;x;;;y;o;o;o;;y;l;l;l;l;;;;g;;;;;;;;;;g;;;;;g;y;;;;g;;;;;;;;x;;g;g;;g;;;;;;;;;;g;;x;;;;;;;;r;;;;g;;;;;;l;;x;;g;;;g;;;g;;;;;;;;;;r;g
g;g;p;p;t;p;b;t;g;r;;r;r;;x;x;t;g;g;t;t;;t;t;r;r;r;;;r;g;r;r;r;r;;r;r;r;;g;g;p;g;r;r;c;c;c;;;;g;;r;g;g;x;;;;;r;r;g;;;r;;;;;;;x;;;;;;;;g;;;r;;;g;r;r;;r;g;x;;;;g;;r;;;;r;r;r;;r;g;;g;g;
r;r;g;g;o;l;y;o;;;;g;g;;x;x;o;;;r;o;y;;;y;;;;;;;; ;r;;;;;g;;r;r;g;g;g;l;c;c;;;y;;;;;;;x;;r;;r;;r;;;;r;r;g;r;g;;;x;g;;;g;;;;;;;;g;g;g;;g;;y;;x;;;r;;;;r;r;;;;;;g;g;;;;
g;;p;r;l;r;g;g;g;r;;r;r;;g;;x;g;t;g;t;;g;t;r;b;r;r;g;g;g;;r;g;r;b;r;;r;r;g;r;p;g;p;p;c;c;c;;;r;r;;r;g;;x;;;r;;r;r;r;;;;;g;;r;r;;x;;r;r;r;;r;;r;;r;;g;r;;;r;r;r;g;x;r;;r;;;r;g;g;r;r;;;;;;;g;g;r
g;;p;p;l;p;p;t;g;r;r;r;r;r;l;g;t;x;t;t;g;;t;t;r;p;r;;;r;g;r;r;g;r;;r;;;;g;g;p;g;r;r;;;c;;p;;;;;g;r;x;;;r;r;r;r;;;;r;r;g;;;r;;x;;r;r;r;r;r;;;r;r;r;r;r;g;;r;r;;g;x;;;;;g;;;g;r;r;r;;;;;r;g;g;r
g;;p;r;g;o;r;g;t;r;;r;r;r;l;;t;l;x;t;g;;t;t;r;p;r;r;;r;g;;;g;r;b;r;r;r;;;g;p;g;p;p;c;;c;;;r;r;g;r;g;;x;;;r;r;r;;;g;r;r;;g;;;r;;x;;r;;;;;;;r;r;;r;r;g;;r;r;;g;x;;;r;;;r;g;;r;r;;;r;r;;;g;g;r
g;l;p;p;g;o;r;g;t;r;r;r;r;r;l;r;t;l;g;x;t;;t;t;r;p;r;r;r;r;g;r;g;g;r;;r;r;r;;;g;p;g;p;r;;c;c;;r;r;;g;r;g;;x;;;r;r;r;r;;;;;;g;;r;r;;x;;r;r;r;r;r;;;r;r;;r;r;g;;r;r;;g;x;;;;;;r;;g;r;r;;;;;;;g;g;r
g;;p;p;g;r;o;l;t;r;;r;r;;l;o;l;l;g;t;x;l;;g;;;r;;r;r;g;r;r;g;r;b;;;;;;g;r;g;p;r;;c;c;;;r;;;;g;;x;;r;;;r;r;;;;;;g;;r;r;;x;;r;;g;;;;r;;;r;;;g;;r;r;;g;x;;;;;g;;g;;r;r;r;;;;;r;g;g;r
;l;y;y;y;y;y;y;;g;;;g;g;g;g;y;y;y;r;l;x;g;;y;y;g;;;g;;;;g;g;;;g;;g;;r;y;g;g;g;;;c;;y;g;;;b;;g;x;;;g;g;g;g;g;;;g;g;;r;g;g;;x;r;g;g;g;;g;;;;g;;;g;;;;g;y;;x;g;;;;;;;;;;;;;;;;;;g
g;g;r;r;l;o;;l;g;;;r;r;g;g;;l;l;l;l;;t;x;g;l;;;;;;;;;;;;;;;;;;;;r;l;;;;;;;;;;;g;x;;;r;r;r;;;;;;g;;;;r;;x;g;;;;;;;;;;;g;;;;;g;;;x;;;g;;g;;;g;;;;;;;;;;g;
l;b;r;p;;;y;y;g;;;r;r;g;;;g;;l;l;t;b;t;x;r;;;;;;;;;g;;;;r;;;;;r;;r;o;c;c;c;g;b;;;;;g;g;x;;;;r;r;;r;;;;;;;;;;x;r;;;;;;;;;;;g;;;;;;;;x;r;;;;;;;;g;;;;;;;c;g;;r
r;o;l;l;r;g;;r;r;g;g;g;g;g;p;g;o;r;r;r;;;r;;x;l;g;g;;g;;;;;g;;;g;;g;;;l;;;y;c;;c;;;;;;;r;;x;;;g;g;g;g;g;;;;g;r;;g;r;;x;;;g;;g;g;;g;g;g;;r;;;;;g;;;x;g;;;;;;g;g;g;g;g;;;r;;c;;r;
r;;l;;o;y;;;;g;;g;g;g;;;y;;;r;c;;;;g;x;;;g;;;;;;g;;;;;g;;;l;;;y;;;c;;;;;;;r;;x;;g;g;;g;;;;;g;;r;g;;;;x;r;g;g;;;g;;r;g;g;;r;;r;;r;g;g;;x;g;g;g;;;;g;g;;g;g;;;g;r;;;;g
r;;l;g;r;y;;;;g;;;g;;r;;r;r;r;o;o;l;y;;l;l;x;g;;g;;;;r;g;y;;g;g;g;;r;g;;;g;c;;;r;y;g;;;l;;;x;;;;;;g;;;;g;;r;r;g;g;g;x;r;g;g;g;;g;;;;g;;g;g;r;g;r;g;;r;x;g;;g;g;;g;;g;;;;;;;;g;;;g
r;;l;l;o;y;g;;;g;;g;g;;;;r;r;o;o;o;l;;;l;l;g;x;;g;;;;r;g;y;;g;;g;;r;l;r;g;g;c;c;;;y;g;;;;;g;x;;g;g;g;g;;;;g;g;;;r;;g;g;x;;g;g;g;g;g;;;;g;;g;g;r;g;r;g;g;r;x;g;;g;g;;;;g;g;g;;;;;;g;;;g
;;;;;;;;;;;;;;;;;;b;r;t;;;;b;g;;;x;x;;;;r;g;y;;;;;;g;;;r;g;c;;c;;b;;;;;r;r;x;;;;;g;g;;;;;g;r;g;;g;;x;;;;;;;;;;g;;r;r;r;;;;;;x;;g;g;;;;;g;;;g;g;;;r;;;;
r;l;l;y;y;y;;r;;g;;g;g;g;;;o;o;o;o;o;l;y;y;l;l;g;g;x;x;;g;;r;g;;g;g;;g;;r;l;;g;l;c;c;c;r;y;g;;;y;;g;x;;;g;;g;g;;;;;g;;r;g;;;x;r;g;g;g;g;g;;g;;g;;g;g;r;g;g;g;g;r;x;g;;g;g;;;;g;;g;;;;;;g;;;g
g;;g;p;g;;;g;g;r;;r;;;g;;g;g;g;g;g;;;g;;b;;;;;x;;;g;r;;;r;;;;;r;g;r;r;;;c;;;;;;b;g;r;x;r;g;r;r;;;;;;r;;;g;;r;g;x;;;;;;;;;;;;r;r;;;;r;b;t;x;;;;;;;;;;;g;;;;;r;;;
;g;r;;y;y;;;;;;g;g;;r;;r;r;;r;p;b;y;y;;;;;;g;;x;x;r;g;y;g;;;;;r;;r;g;l;c;;c;r;y;g;g;r;y;;g;x;;;g;g;;g;;r;g;g;;;r;;g;;x;r;g;g;g;;;;r;g;;;g;g;r;;g;;y;;x;;;;;;;r;g;g;;r;;;g;;g;g;;
;o;;b;;;b;b;;;;;g;;r;;r;r;b;p;;b;b;b;b;;;;;;;x;x;r;g;;;;;;;;;r;;b;;;c;;;;r;;b;;r;x;;;;;;g;;;;g;g;r;g;g;;;x;r;;;;;;;g;;;;r;;;;;;b;;x;;;;;;;;g;g;;;r;;r;;g;;;
g;;p;r;g;;y;g;g;r;;r;r;;;r;t;t;g;g;g;g;g;g;;;r;r;r;r;g;r;r;x;r;p;;;r;;g;g;l;g;;l;c;;c;;y;;r;;;;r;x;;g;r;r;g;r;g;g;;;g;;g;c;;;x;r;r;;r;r;;;r;r;r;r;r;;r;g;;r;r;g;x;;;;g;;r;g;g;r;;;;;;;r;g;r;
r;r;g;l;o;l;l;o;o;g;;g;g;;;;r;r;r;r;p;;;;l;y;g;g;g;g;r;;;r;x;p;;g;g;;r;r;g;r;t;t;c;;c;r;l;g;;;;r;g;x;;;;g;;g;;;;;;g;;g;;;x;;;g;g;g;g;;;;;r;;g;r;;c;g;;r;x;;g;;;;g;;;;g;;r;r;g;;;r;;g
;l;;;;;;;;;;;;;;;;;;;;;;;;;;;;;;g;;;r;x;;;;;;r;;;;l;;;;;;;;;;;r;x;;;;;;r;r;;;;;g;g;r;;;x;;;;;;;;r;;;;g;;g;;;g;y;l;x;;;;;;;;g;g;;;;;;;;;;
r;t;l;l;;;l;y;o;;;;g;;p;;r;o;o;r;;;g;l;b;;;;;;;g;;r;g;;x;g;g;g;r;r;;;y;l;c;;c;;y;;g;;;r;g;x;;g;;;r;g;r;;;;g;r;r;;;;x;g;g;;;;;;r;;;;g;g;r;;g;g;l;;x;g;;g;;;g;;r;g;;r;;;;;;r;;g
;r;y;y;;;;;;;;;;;r;;;b;;;;;;;l;;;;;;;;;r;g;;;x;g;g;;g;;;g;;;;;r;y;;;;;;g;x;;;;;;g;g;;;g;;r;;g;r;g;x;g;;;;;;;;;;;;;;;;g;;;x;g;g;;;;;;;;g;;;;;;;;;
r;b;y;l;r;;;;;;;;g;;r;;;b;o;o;;y;y;y;y;l;;;;;;;;;g;;g;g;x;;;r;;r;g;y;c;;;r;l;g;;;;r;g;x;;r;;g;;g;;;;g;;c;c;g;g;;x;g;;;;;;;;;;;g;g;c;c;;g;;r;x;g;;g;;;;;;;g;;g;g;g;;;r;r;r
b;;l;l;;;g;y;;g;;g;g;g;g;;o;;;;;l;l;y;l;l;g;g;;r;;r;;r;;;g;g;;x;;;;;g;y;c;c;c;r;y;g;;;y;r;g;x;g;g;g;;g;g;g;;r;g;g;;r;g;;;x;g;g;g;g;g;g;;;;g;;r;g;;;;g;l;o;x;g;g;g;;g;;g;g;g;g;g;;;r;;g;r;r;g
;;;y;g;;;y;;r;;r;;;;;b;;l;y;;b;b;b;;b;;;;;g;;;g;;r;r;;;g;x;g;p;g;;;c;c;;;;r;;g;y;;;x;;;r;r;;g;;;;;;r;;;r;g;x;g;;;r;;;;;r;;;r;;;;;r;t;;x;;g;;;;;g;g;;;;r;g;r;g;g;g;;
g;p;r;p;g;b;b;t;t;r;g;;;;;r;t;g;t;t;t;p;p;b;;b;r;;;r;;g;;g;r;o;r;g;r;;g;x;p;g;p;p;c;c;c;;r;r;;;r;g;;x;;;r;r;;;;;;;;r;;;;;x;;r;;r;;;;;r;r;r;r;r;g;r;r;r;r;g;x;;;;;;;;;;;g;r;r;r;r;g;g;g;
r;r;o;g;r;g;g;r;r;g;g;g;g;;r;g;o;o;o;r;r;;;r;g;;;;;r;r;;;r;g;c;;;;;;r;x;;l;g;c;;;g;;g;;;g;r;;x;;r;g;g;g;;r;;;;;r;;g;g;;x;r;g;;g;;;;;g;g;;;g;r;;g;g;g;r;x;;r;;r;;g;;;g;g;g;;r;;;;;;g
g;;t;r;g;r;;g;t;r;;r;r;;g;;g;g;g;g;g;g;b;;b;;r;r;r;;g;r;r;g;r;;;;r;;g;g;b;x;;p;c;c;c;;b;r;r;;;g;;x;;;r;;r;;;;;;;;;;r;;x;;;;;;;;;r;r;;r;;g;;;r;b;g;x;;;;;g;r;g;;r;r;r;r;;r;;;g;g;r
r;;l;l;r;g;l;o;;g;g;g;g;g;r;g;o;p;r;r;r;l;r;r;l;y;g;g;;g;r;;;r;g;r;;;g;;r;r;l;g;x;o;c;c;c;;l;g;r;r;g;r;g;x;;;g;g;;;;r;g;;;r;;;g;;x;;r;g;g;;g;;;g;;;;g;r;;g;g;g;g;x;;;g;;;g;;;;;r;;;;g;;;r;r
r;y;l;;;l;y;y;;;;;g;;r;g;r;r;r;r;o;;;;y;;g;g;;;;g;;r;g;g;;;;;;r;g;r;g;x;c;c;c;;;;;;g;;;x;;g;g;g;g;g;;;g;;;;r;g;g;g;x;r;g;g;g;;;;;;g;;g;;g;;;g;;r;x;;;r;;;g;;;;r;r;;;;;g;;;g
?;?;?;?;?;?;?;?;?;?;?;?;?;?;?;?;?;?;?;?;?;?;?;?;?;?;?;?;?;?;?;?;?;?;?;?;?;?;?;?;?;?;?;?;?;?;x;?;?;?;?;?;?;?;?;?;?;x;?;?;?;?;?;?;?;?;?;?;?;?;?;?;?;?;x;?;?;?;?;?;?;?;?;?;?;?;?;?;?;?;?;?;?;?;x;?;?;?;?;?;?;?;?;?;?;?;?;?;?;?;?;?;?;?
?;?;?;?;?;?;?;?;?;?;?;?;?;?;?;?;?;?;?;?;?;?;?;?;?;?;?;?;?;?;?;?;?;?;?;?;?;?;?;?;?;?;?;?;?;?;?;x;?;?;?;?;?;?;?;?;?;x;?;?;?;?;?;?;?;?;?;?;?;?;?;?;?;?;x;?;?;?;?;?;?;?;?;?;?;?;?;?;?;?;?;?;?;?;x;?;?;?;?;?;?;?;?;?;?;?;?;?;?;?;?;?;?;?
?;?;?;?;?;?;?;?;?;?;?;?;?;?;?;?;?;?;?;?;?;?;?;?;?;?;?;?;?;?;?;?;?;?;?;?;?;?;?;?;?;?;?;?;?;?;?;?;x;?;?;?;?;?;?;?;?;x;?;?;?;?;?;?;?;?;?;?;?;?;?;?;?;?;x;?;?;?;?;?;?;?;?;?;?;?;?;?;?;?;?;?;?;?;x;?;?;?;?;?;?;?;?;?;?;?;?;?;?;?;?;?;?;?
;r;;;;;y;y;;;;;r;g;;;;r;;;;;;g;b;b;r;;;;;;;;r;;;r;r;r;;;;;r;r;c;c;c;x;r;r;;g;;g;r;x;r;;;;r;g;;g;;r;;g;g;r;r;;x;;;;;;;;;;;;r;;r;r;r;c;b;b;x;r;;;;r;;;;;;;;;r;;;g;;
;l;;;;;;;;;;;g;;r;r;;o;o;r;;y;l;;;;;;;;;;;r;g;;;;g;;;r;g;;g;l;;c;c;r;x;g;;;y;;;x;r;;;;r;;;;;;;r;;;g;g;x;;;;;;;;;;;;g;g;;g;;g;y;;x;;;g;r;g;;;;g;;r;;;g;g;g;r;r;r
r;l;l;g;o;l;;;r;g;g;;g;;;;o;y;o;o;r;l;y;y;y;y;g;g;;g;;g;;r;g;y;;;r;g;;r;l;r;g;g;;;;r;g;x;x;r;l;r;g;x;g;r;g;g;g;g;g;;r;;;;r;g;g;;x;g;;g;g;g;g;;;;;;;g;r;g;;g;y;o;x;g;g;g;;g;;;g;;;r;;;;;;r;r;
;;y;;;;y;y;;;;;;;;r;r;;r;p;;b;;b;b;y;;;;;;;;;;;g;;;;;;;;;;;;;;;x;x;;b;;;x;;;;;r;r;;;;;;;;;;;x;;;;;;;;;;;;;;r;r;;g;;y;x;;;r;;;;;;g;g;g;;;;;;;;
;o;p;p;t;r;b;b;g;;;;r;r;;;g;t;t;t;;;;b;;;;;g;;;r;;g;r;b;r;g;;;g;g;;g;p;p;c;;;g;;r;;x;b;;r;x;;;;r;;r;;;;;;r;g;g;r;;x;r;;;r;;;;;;;;r;r;r;;;r;b;r;x;;;;;;;;;;;;;;;;r;;;r
r;;l;;;;;;r;g;;;;;r;;r;o;r;r;p;b;;;y;;g;;;g;;;;r;;o;;;;;;r;g;;g;t;c;c;;;b;g;;;x;;g;x;;;;g;;g;;;;g;;;r;;;g;x;r;;;g;;;;g;;;g;r;g;;g;g;g;b;r;x;;g;g;;;;;;;;r;;;g;;r;;;
g;t;l;r;g;r;r;g;g;r;r;r;r;;r;;g;t;t;g;l;;;g;r;r;;;r;;g;;;g;r;;r;;;r;;g;p;g;r;;c;c;c;g;y;r;;;b;x;x;x;;g;r;;r;r;;;;r;;g;;;r;;x;;r;;;r;r;;;;r;;g;;g;;r;r;p;g;x;r;;r;;g;r;;;;r;r;;;;g;r;g;g;
;g;l;y;o;y;;p;b;g;g;;;;r;g;y;r;y;l;;g;g;g;r;r;;g;r;g;r;g;r;;g;b;g;g;g;g;;;;;p;;c;c;c;r;;r;;r;g;x;x;x;;;g;;;;r;r;;;;g;;;;;x;;g;g;g;;;;;g;;;g;g;;r;;g;;r;x;;;;g;r;g;r;;;;r;g;;g;g;;r;r;r
x;x;x;x;x;x;x;x;x;x;x;x;x;x;x;x;x;x;x;x;x;x;x;x;x;x;x;x;x;x;x;x;x;x;x;x;x;x;x;x;x;x;x;x;x;x;x;x;x;x;x;x;x;x;x;x;x;x;x;x;x;x;x;x;x;x;x;x;x;x;x;x;x;x;x;x;x;x;x;x;x;x;x;x;x;x;x;x;x;x;x;x;x;x;x;x;x;x;x;x;x;x;x;x;x;x;x;x;x;x;x;x;x;x
n;n;n;n;n;n;n;n;n;n;n;n;n;n;n;n;n;n;n;n;n;n;n;n;n;n;n;n;n;n;n;n;n;n;n;n;n;n;n;n;n;n;n;n;n;n;n;n;n;n;n;n;n;n;n;n;n;x;x;n;n;n;n;n;n;n;n;n;n;n;n;n;n;n;x;n;n;n;n;n;n;n;n;n;n;n;x;n;n;n;n;n;n;n;x;n;n;n;n;n;n;n;n;n;n;n;n;n;n;n;n;n;n;n
;l;o;b;;;b;;o;;;;g;g;b;r;o;g;r;r;r;;g;p;g;g;g;g;;;g;r;;g;r;;g;;r;g;;g;r;;o;g;c;c;c;;;;;;;g;n;x;;x;g;;g;;g;g;g;g;g;;;;;;x;;g;g;g;g;g;;;g;g;g;;r;;g;r;;g;;x;g;g;g;g;g;;g;g;g;r;r;;;g;;;;r;g
r;r;l;g;o;l;y;o;r;g;;g;g;g;;;o;r;o;o;y;l;o;y;l;l;;g;;g;;;;;c;;;;;g;;r;l;r;g;l;c;c;c;;;r;;;;;;x;;g;x;g;g;g;g;;g;;;r;;g;g;;x;g;g;g;g;g;g;g;;g;g;g;r;g;;;g;g;l;r;x;g;g;g;;;;;;;g;;r;;;;g;;;g
r;;g;l;r;l;r;o;o;g;g;g;;;b;r;;r;r;r;;g;o;o;g;y;;;;;r;g;;r;g;;;g;g;;r;r;l;r;g;g;c;c;c;;;g;;r;g;;n;x;;;g;x;g;;;;g;;;;;;;;x;;g;g;g;g;;g;;g;;;;g;;;;g;;r;x;g;g;;r;;g;;;g;;;;g;g;r;;;;g
r;;g;g;;;g;;r;;g;g;g;g;r;;o;r;o;o;r;l;o;o;g;g;;;g;g;;;;g;g;;r;g;;;;;;;;;;;;;r;g;r;g;;r;;x;;;g;;x;g;g;g;g;;g;r;;g;g;;x;;g;g;g;g;g;g;;g;g;g;r;;;;g;g;;r;x;g;g;g;g;;;;;;g;g;;;r;r;;;;g
;r;g;;g;;t;b;;;g;;g;;r;r;r;r;;r;;g;y;y;g;;g;;;g;;g;;r;g;o;g;g;g;g;g;r;;;g;g;c;c;c;g;;g;r;g;;r;;x;;;g;;g;x;g;g;;g;;r;;g;g;;x;;g;g;g;g;g;g;;g;g;g;r;;r;;g;g;;;x;g;g;g;g;;g;;g;;g;;g;;;r;;;g;g
;r;;;;;g;;;;;;;;;;r;b;;;y;g;;r;l;;;;;;;r;;g;;;r;g;;g;;;o;;;;;;c;;;;;;;;r;x;;g;g;;g;g;x;g;;;;r;g;g;r;;x;;;g;g;g;g;g;g;;g;;r;;;;;;;;x;g;g;g;g;g;;g;g;;g;;;;;;;r;;
g;;;;;;;;;;;;;;;;g;;t;g;;;;;;;;;;;;r;;g;r;;;;;;g;;;;;r;;;c;g;;;;g;;;r;x;;g;;;g;g;g;x;;g;g;;g;;;;x;g;;;;g;g;;g;;g;g;r;r;;;;;;t;x;;g;;;;;g;;;;;;;;;;;;
n;n;n;n;n;n;n;n;n;n;n;n;n;n;n;n;n;n;n;n;n;n;n;n;n;n;n;n;n;n;n;n;n;n;n;n;n;n;n;n;n;n;n;n;n;n;n;n;n;n;n;n;n;n;n;n;n;x;n;n;n;n;n;n;n;n;x;n;n;n;n;n;n;n;x;n;n;n;n;n;n;n;n;n;n;n;n;n;n;n;n;n;n;n;x;n;n;n;n;n;n;n;n;n;n;n;n;n;n;n;n;n;n;n
b;;l;b;p;l;;;o;;g;g;g;;r;r;r;;r;r;b;t;;;;;;;;;r;;g;;;y;;g;g;g;g;r;;r;g;r;c;;;r;;;;;g;r;n;x;;;;;;;;g;;x;;r;;g;g;;x;;g;;;g;g;;;;g;g;;r;;;g;g;;c;x;g;;g;;g;g;g;g;g;g;g;g;g;r;r;;;;g
r;r;;;;l;b;b;o;;;g;g;;b;r;c;p;p;;r;t;l;;;;;;g;g;;;;;g;y;g;;;g;;b;;r;;;c;c;c;;;;;;;;;x;;;;;g;;;;;;x;;;g;;;x;;g;;g;;;;r;;g;g;r;r;r;;;g;b;r;x;;;;;;;;;;;;;;;;;;;
g;t;r;r;r;;t;t;g;r;r;r;r;;g;g;g;l;g;g;g;y;;;o;b;r;;r;;;;r;;r;b;;r;r;;g;r;p;;r;;c;c;;;y;;;;y;g;g;x;g;;r;r;r;r;r;;;;r;x;x;x;x;x;x;;r;r;r;r;r;r;;;r;;g;;g;;r;;y;l;x;r;;;;r;;;;r;r;g;;;r;;c;g;g;r
g;r;r;y;b;p;r;p;;r;;r;r;;b;r;b;b;t;g;t;p;b;b;b;g;r;r;g;r;g;r;g;g;r;o;r;;r;r;;g;;g;b;p;c;c;c;g;b;r;;g;p;;;x;r;;;;;;g;g;;;;x;x;x;x;x;x;;g;;r;;;;;r;;;r;r;;r;;r;b;p;x;r;;;;;r;g;;;g;r;r;g;r;;;r;r;r
r;;g;g;r;l;l;y;r;g;g;g;g;;t;g;o;;;r;;g;;;g;y;;;;g;;;;g;g;o;;g;g;g;r;g;y;;g;g;c;c;c;r;t;g;;;;;;x;;;g;;g;g;g;;;;g;x;x;x;x;x;x;;;g;g;;g;g;;r;g;;r;;;g;;g;;c;x;g;r;g;;g;;r;;;g;r;r;;n;;;r;r;g
r;;g;l;o;y;o;o;o;g;g;g;g;g;p;;o;r;r;o;r;g;o;;g;y;;g;g;;r;g;;r;;y;;r;g;g;r;r;l;r;y;y;c;c;c;r;g;g;r;r;;r;g;x;;;g;;g;g;r;;;;;x;x;x;x;x;x;;g;g;g;g;g;;r;g;g;g;r;g;;;g;g;g;r;x;g;;;g;;g;r;;g;g;;;;;;;r;r;
n;n;n;n;n;n;n;n;n;n;n;n;n;n;n;n;n;n;n;n;n;n;n;n;n;n;n;n;n;n;n;n;n;n;n;n;n;n;n;n;n;n;n;n;n;n;n;n;n;n;n;n;n;n;n;n;n;x;n;n;n;n;n;n;n;n;n;n;n;x;x;x;x;x;x;n;n;n;n;n;n;n;n;n;n;n;n;n;n;n;n;n;n;n;x;n;n;n;n;n;n;n;n;n;n;n;n;n;n;n;n;n;n;n
x;x;x;x;x;x;x;x;x;x;x;x;x;x;x;x;x;x;x;x;x;x;x;x;x;x;x;x;x;x;x;x;x;x;x;x;x;x;x;x;x;x;x;x;x;x;x;x;x;x;x;x;x;x;x;x;x;x;x;x;x;x;x;x;x;x;x;x;x;x;x;x;x;x;x;x;x;x;x;x;x;x;x;x;x;x;x;x;x;x;x;x;x;x;x;x;x;x;x;x;x;x;x;x;x;x;x;x;x;x;x;x;x;x
n;n;n;n;n;n;n;n;n;n;n;n;n;n;n;n;n;n;n;n;n;n;n;n;n;n;n;n;n;n;n;n;n;n;n;n;n;n;n;n;n;n;n;n;n;n;n;n;n;n;n;n;n;n;n;n;n;x;n;n;n;n;n;n;n;n;n;n;n;n;n;n;n;n;x;x;n;n;n;n;n;n;n;n;n;n;x;n;n;n;n;n;n;n;x;n;n;n;n;n;n;n;n;n;n;n;n;n;n;n;n;n;n;n
;g;l;g;;y;g;p;r;g;;;g;;;;;r;o;r;r;l;;;;l;;;;g;;;;;g;;g;;;g;;r;l;;g;l;;c;;;;;;;;;g;x;;g;;g;g;g;;;g;g;g;r;g;;g;g;x;;x;g;g;g;g;g;g;g;g;g;r;g;;;g;g;g;;x;g;g;g;;;g;;;g;g;r;;;;;g;;;g
r;l;l;l;l;l;y;o;;g;;g;g;g;;;o;o;o;o;y;l;y;y;l;l;g;g;;g;;;;r;g;;;g;g;g;;;l;r;g;o;c;c;;;;g;;;y;r;g;x;;;g;g;g;g;g;;g;;;r;;g;r;;x;;g;x;g;g;g;g;g;g;g;g;;g;;;g;g;l;r;x;g;g;g;g;;g;;g;g;g;g;r;;r;r;g;;;g
r;;l;;o;l;l;o;o;g;;g;g;;;g;o;r;o;o;l;l;y;y;;l;g;g;;g;;g;;r;g;y;g;;g;g;r;r;l;;l;l;c;c;c;;y;g;;;l;;g;x;;g;g;g;g;g;;;g;;g;r;r;g;g;g;x;;g;g;x;g;g;g;g;g;g;g;g;g;;g;g;g;g;r;x;g;;g;;g;g;;;;g;r;g;;g;;;;;r
r;y;l;g;y;y;g;y;r;g;;g;g;;;;o;o;y;o;y;y;y;y;l;l;;g;;g;;;;;g;;;g;g;g;r;r;l;;g;l;;c;;;y;g;;;;r;g;x;;g;g;g;g;g;g;;;g;;r;;g;g;;x;g;g;g;g;x;g;g;g;g;g;g;r;g;r;;g;g;y;b;x;g;g;g;g;;g;g;g;;g;g;;;r;r;;r;r;
r;y;l;l;y;y;g;;r;g;;g;g;;;;o;p;;o;y;l;y;y;l;l;g;g;;g;;;;y;g;;;g;g;g;;;y;;g;l;;c;;;;g;;;;r;;x;;g;g;;g;g;g;;;g;g;r;g;g;g;;x;g;g;g;g;g;x;g;g;g;g;g;r;g;;;g;g;l;p;x;g;g;g;;;g;g;g;g;g;g;;;r;r;r;r;r;g
;y;y;;;;g;;;;;g;g;;;;;;;;;;;;y;;;;;;;;;;;y;;;;;;;;;g;b;;;;;;;;;;;g;x;;;g;g;g;g;g;;;g;;r;;g;;;x;g;g;g;g;g;g;x;g;g;g;g;r;;g;;;g;b;b;x;;;g;;;;;;;g;r;;;r;;g;;;
g;;;b;b;;t;;;r;;;c;r;g;;r;;;g;r;;;;l;r;;;;g;;r;;r;;;r;g;;;g;;;;;g;;c;c;;b;;;;y;;;x;;;;;;;g;g;;;r;;;;r;;x;g;g;;g;g;g;g;x;g;g;;r;r;g;;r;g;;;x;;g;;;g;;g;;;r;r;;;;g;;g;g;
;g;y;l;y;;y;y;y;g;;;g;;;;y;;;o;;y;y;y;l;l;;;;;;;;r;;;;;;;r;r;l;;;l;c;;c;;;;;;y;;g;x;;g;g;g;g;g;;;g;g;g;;r;r;g;;x;g;g;g;g;g;g;g;g;x;g;g;;g;;;g;;;;x;g;;g;;;g;g;;g;g;g;g;;r;r;g;;;
;b;l;r;;;g;;r;;;g;g;;r;;o;o;r;r;y;l;y;;l;l;g;g;g;g;;;;r;g;y;;;;g;;r;l;r;g;l;;;;;;;;;b;r;;x;;g;g;;g;g;g;g;g;g;g;r;;g;g;;x;g;g;g;g;g;g;;g;g;x;g;r;g;;;g;g;l;p;x;g;g;g;g;;g;g;;g;g;g;;;r;r;;;;g
;;;;;;b;;;;;g;g;;r;;y;b;;r;r;;y;;;;;;;;;;;;r;;;;;;;r;;r;;;;;c;;;;;;;;;x;;g;g;r;g;g;;g;;g;g;;;;g;;x;;g;;g;g;g;;r;g;g;x;g;;r;;g;r;g;r;x;g;g;g;;;g;;;g;g;g;;;;;g;;r;
;t;;r;o;y;;;b;g;r;;;g;;g;;r;o;y;y;;y;l;;r;;g;;g;;g;;r;;g;g;;;;r;r;b;;;y;c;c;;;l;r;;r;;g;g;x;x;;r;r;r;r;r;;;;r;r;r;r;;;x;x;r;;;r;r;r;;;;;x;g;;;;;y;c;x;;r;g;;g;;r;;;;g;;;g;g;;;;
;g;l;l;o;;;;;g;;;;;;;o;o;o;o;b;l;y;y;y;y;g;g;;g;;;;r;g;;g;g;g;g;;r;l;;l;y;c;c;c;;;g;;r;y;;g;x;g;r;g;g;;;;;;g;;;r;;g;;x;;;g;g;g;g;;;g;g;;g;x;;g;g;g;l;o;x;g;;;;;;;g;;g;;;;;;g;r;r;
g;;r;o;y;;;;;r;r;r;r;;g;g;;g;l;l;l;y;;;;;r;;r;r;;;;r;r;b;r;;;;;;r;g;o;g;c;c;c;;y;r;r;r;y;g;;x;;;;;;r;;;;;r;g;;;;;x;;;;;r;r;;g;;;r;g;;x;x;x;r;;g;x;r;r;r;;;;;;r;r;r;r;;g;g;;g;g;g
;g;;;y;y;;;;;;;;;r;r;g;y;y;o;;;;;;;g;;;g;;;;r;;;;;;;;r;;;l;y;;;c;r;t;g;;;y;;r;x;;g;;;;g;g;;;;;;r;g;;;x;g;;;g;;;;;;;;g;g;x;x;x;g;y;y;x;;;;;;r;;;;r;r;;;g;g;;;;
r;g;l;l;o;l;y;r;o;g;;g;g;;r;g;r;r;r;r;r;;;;;g;;;;g;r;;;r;g;;g;;;g;;r;l;r;l;y;c;c;;r;g;;g;;g;r;n;x;;;g;;g;;;;;g;;r;;;g;;x;;g;g;g;;g;;r;g;g;g;r;g;x;x;x;g;g;r;x;g;;g;;;g;;;g;;;g;r;;;;g;r;
r;l;l;l;;;g;;;g;;g;g;g;g;r;r;o;o;r;;l;;;l;o;g;;;g;r;;;r;g;;;g;g;g;;r;g;;l;g;c;c;c;r;y;g;;r;g;r;g;x;;r;g;g;g;g;;;;g;;;g;g;g;;x;r;g;g;g;g;g;;;;;;r;g;r;g;g;x;y;o;x;g;g;g;;g;g;;g;;g;;;;r;;g;r;r;g
r;l;l;;y;;;;r;g;;g;g;g;g;r;o;;;r;;;;;;g;;;;g;;;;r;;b;g;g;;;;;g;;;y;c;;;;;;;;y;r;;x;;;;;;;;;;;;;;;g;;x;g;g;;g;;g;;;;;g;r;g;;;;g;x;;x;g;g;g;;;g;;;g;;;;;;;g;;;
g;g;p;p;g;r;;;t;r;r;r;r;r;g;;t;g;g;g;g;;;g;;b;r;;;r;g;;;g;r;;;r;;;g;;p;g;r;;;c;c;g;r;r;;g;r;g;r;x;;;r;;r;;;;;;r;g;r;;r;;x;;;r;r;r;r;r;;r;;r;;r;;;;r;;x;x;;;r;;;r;;;;;;g;;;;r;g;g;
x;x;x;x;x;x;x;x;x;x;x;x;x;x;x;x;x;x;x;x;x;x;x;x;x;x;x;x;x;x;x;x;x;x;x;x;x;x;x;x;x;x;x;x;x;x;x;x;x;x;x;x;x;x;x;x;x;x;x;x;x;x;x;x;x;x;x;x;x;x;x;x;x;x;x;x;x;x;x;x;x;x;x;x;x;x;x;x;x;x;x;x;x;x;x;x;x;x;x;x;x;x;x;x;x;x;x;x;x;x;x;x;x;x
r;y;l;l;o;y;l;y;r;g;;;g;;;;o;y;y;o;y;l;y;y;l;l;g;g;;g;;;;;;;g;g;g;g;;r;y;;;l;c;c;c;r;y;g;;;y;r;;x;;g;g;;g;g;g;;;g;;r;r;g;g;;x;g;g;g;g;g;g;;;g;g;g;r;g;r;;g;g;l;o;x;x;g;g;g;g;;g;g;g;g;g;;;;;r;r;r;g
r;y;l;l;y;;y;o;r;g;;;g;g;;;y;;y;;;;;;;g;;;;;;;;c;g;;;g;;g;g;;;;r;;;c;c;r;;;;;y;;g;x;;g;g;g;g;g;g;g;;;;;;r;;;x;;g;g;;g;g;;g;g;g;g;r;;r;;;g;g;;x;g;x;g;r;;;g;g;g;g;;r;;r;;g;;;g
;;;;;;;;;g;;g;g;;;r;o;;o;o;y;;l;l;;l;;;g;;;;;;;;g;g;g;g;;r;l;r;g;o;c;c;c;r;;g;r;;y;;;x;;;g;;g;g;g;;;g;g;;;g;r;;x;;g;g;g;g;g;g;;g;g;g;r;;r;;g;g;l;r;x;g;g;x;g;g;g;g;g;g;g;;g;;r;;;;;g
;;;;;;;;g;;;;;;g;;;;;;;;;;o;;g;g;;g;;;;g;c;;;;;;;;;;;;;;;;y;;;;b;;g;x;;g;;;g;g;g;;;;g;;;r;g;;x;;;;;;;;;;g;;r;;;;;;y;;x;g;r;g;x;r;;g;g;;g;g;;;;;;;;
g;g;;y;;y;;;g;;;;;g;;;;;;;g;y;l;;y;;;;;;;;;g;;;;;r;g;r;;;g;;;;;;r;;g;;;;g;r;x;;g;;;;;g;;;;;r;;g;;g;x;g;;;g;;;;g;;g;;g;;;;;g;y;;x;g;g;g;r;x;;;g;;;r;;;;;r;;;g
;y;g;l;y;y;;;r;g;;;g;;r;;r;;r;r;o;y;y;y;y;y;;;;;;;;r;;;g;;;;;r;g;r;g;l;;c;;;;;;;y;r;g;x;;;;g;;g;;;;g;;;r;r;g;;x;;g;g;g;;g;;;g;;;g;;;r;g;g;l;;x;;;g;;;x;;g;g;g;g;r;;r;r;r;g;;g
;r;;;;;;;;;;;;;;r;l;;g;;l;;;;g;g;;;;;;r;;g;;;;;;g;g;;;g;r;;;;c;;;;;;b;;r;x;;g;;;g;;g;g;;g;g;;g;;;;x;;;;;g;g;;g;;g;;;;;;;;;;x;g;g;g;g;;;x;g;;g;g;;;r;;;;;
;;;l;y;y;;;y;;;;g;g;g;r;;g;;y;;;l;l;g;g;g;g;g;g;;;;;g;l;r;g;;g;g;;;g;o;o;c;c;c;;;g;;;;;g;x;;;;;;g;g;;;;;;;;;;x;r;;g;;;g;;;;;;;g;;;;g;;;x;g;g;g;g;g;g;g;x;g;g;g;g;;;r;;g;;
r;;g;g;;;;;r;g;;;g;g;g;;r;r;r;r;r;;;;g;;;g;;;;;;;;;g;;;;;r;g;;;o;c;c;c;;b;;;;y;;r;x;;;;g;;;;;g;g;g;r;;;g;;x;r;g;;g;;;;;g;g;g;g;;r;;g;g;l;p;x;g;g;g;;;g;;g;x;g;;;;g;;;;r;r
;o;y;;y;y;;;;g;;g;g;;r;;o;r;;r;o;l;y;y;y;o;g;g;;;;;;r;g;g;r;g;;g;r;;;r;p;o;c;c;c;g;o;;g;;g;r;;x;g;r;;;g;g;g;g;;g;;;r;;;r;x;r;;;;g;g;;r;;g;g;r;g;;r;;g;y;b;x;g;;g;g;;g;g;g;g;x;g;;r;g;r;r;;;
r;o;g;;l;y;;;;g;;;;;;;y;;y;;y;y;l;y;l;l;;;;;g;r;;;g;;r;;r;;r;g;y;r;p;o;c;c;c;;l;r;g;g;r;r;;x;;r;;r;g;;;;;;;;;r;;;x;r;;;;g;g;r;;;g;g;;;r;r;;;;;x;;;g;g;r;g;g;g;;g;x;;r;g;r;;;;
;;l;;;;;;;;;;;;;;;r;;r;;y;;;;y;g;;;;;;;;;;;;g;;;;;;;y;;c;c;;y;;;;g;;;x;;;;;;g;;;;;;;;;;;x;r;;;;;;;;;;;;;;;;;r;;x;;;;;;r;;;;;;x;;g;r;;;;
;;y;;;;;;r;r;;;;;;;;;r;;;;;;;;;;;;;;;;r;y;;g;;;;r;;;;;;;;;;;g;;;;g;x;;g;;g;;;;;r;g;r;;g;;;;x;g;;;;;;;;;;;r;;r;;r;;;;x;;;;;;;;;r;r;r;;x;;g;r;;r;r
r;g;;;;;;;;;;;;r;;;r;;r;;r;y;y;;r;g;;;;;;;r;r;r;;g;;g;;;r;r;;;y;;c;c;;y;;;;l;;r;x;;g;;g;;g;;g;g;;;;;;r;;x;r;;;g;;;r;g;;r;;g;;;;;;y;;x;;;;;g;;;;g;g;g;g;;x;;r;;;
;;;;;;b;b;;;;;r;;g;;t;b;;;p;b;;b;;p;;;r;;;;;c;;;;;;;;r;;;g;b;c;c;c;;;;;;;g;g;x;r;;;;r;r;;;;r;;;r;g;;;x;;;;;r;r;;g;r;r;;g;;g;;;;b;;x;;g;;;;r;;r;;r;r;;g;g;x;g;;;
;;;;;;t;b;;;;;g;;g;;;;;;r;b;;;;;;;c;g;;;;;;;;;;;;;;;r;;;;;r;;g;;;;r;g;x;;;;;;;;;;;;;;;;;x;;g;;;;;;;;;g;;;;;;;t;p;x;;;;;;;;;;;g;;;r;;x;;;g
g;;;g;;r;b;b;l;;r;r;r;;;;g;g;t;g;l;;;;;p;;;;g;g;;;;;;r;;r;r;;g;p;g;r;;c;;c;;p;r;;g;c;g;r;x;;;;;;;;;g;;;g;g;;;;x;;;;r;r;r;;g;;r;r;g;r;g;;;r;;g;x;r;;;r;g;;;;;r;;r;;;;;x;g;g
;;;b;;r;;g;;;r;;r;;;;g;g;b;b;y;;;;;p;;r;;;;r;;;;;r;r;r;r;;;b;;r;;c;c;c;;;r;;;;;r;x;;;;;;;;;;;;;;;;;x;;;r;r;r;r;;;;r;;g;r;g;;;r;;g;x;r;;;r;;g;;;;r;;r;;;;;g;x;g
;g;;;;;;;;;;;;;;;;;;;g;;;;;;;;g;;;;;;;;;;;;;;;;;;;;;;;;;;;;r;x;;;g;;;g;;;;;r;;;;;;x;;;g;;;;;;g;;r;;r;;;g;;;;x;;g;;;g;g;;;;;g;;;;;;g;g;x
